PAY_0,PAY_2,PAY_3,PAY_4,PAY_5,PAY_6,BILL_AMT1,BILL_AMT2,BILL_AMT3,BILL_AMT4,BILL_AMT5,BILL_AMT6,PAY_AMT1,PAY_AMT2,PAY_AMT3,PAY_AMT4,PAY_AMT5,PAY_AMT6,default payment next month
0,0,0,0,0,0,27199,28358,28937,29614,30391,23159,1900,1400,1000,1100,1000,420,bad
1,2,2,0,0,2,65802,67369,65701,66782,36137,36894,3200,0,3000,3000,1500,0,goood
0,0,2,2,2,0,4073,6394,6143,6908,6652,6785,2400,0,871,0,244,251,goood
-1,3,2,2,2,2,1587,1098,782,1166,700,1414,0,0,700,0,1200,0,goood
-2,-2,-2,-2,-2,-2,0,0,0,0,0,0,0,0,0,0,0,0,bad
2,0,0,2,2,2,7851,9065,11595,11112,12923,12566,1500,3000,0,2000,0,1000,goood
-2,-2,-2,-2,-2,-2,2082,3557,5623,5400,3866,3526,3597,5672,5427,3885,3543,3519,goood
0,0,2,0,0,0,77883,81811,80250,61467,10662,11486,5800,1000,600,400,1000,0,bad
-1,-1,-1,-1,-1,-1,10115,249,5986,188,1644,16872,258,5995,188,1644,16872,4000,bad
1,2,2,0,0,0,6174,7543,7255,3887,5887,0,2000,28,0,2000,0,0,goood
1,2,2,2,2,2,36166,37188,37680,38462,39228,40035,1900,1400,1700,1532,1600,0,goood
1,2,2,2,2,0,37042,36171,38355,39423,38659,39362,0,3100,2000,0,1500,1500,goood
1,2,0,0,2,0,14483,13961,15323,16268,15868,16448,0,1600,1500,0,1000,1500,goood
2,0,0,0,2,0,19625,20347,21669,23005,22499,22873,1342,1664,2000,0,900,846,goood
0,0,0,2,2,2,25935,27210,28783,30003,29385,31401,2000,2338,2000,0,2500,0,bad
-1,-1,-1,-1,0,-1,3345,1083,4339,7423,4059,2508,1087,4355,7423,0,2508,4141,bad
2,2,2,3,3,4,9720,10613,11339,12841,13836,14514,1200,1200,2000,1500,1500,1500,goood
0,0,0,0,-1,-1,74189,30670,6428,4618,2708,54024,2000,1000,0,2708,54024,2000,bad
1,-2,-2,-2,-2,-2,0,0,0,0,0,0,0,0,0,0,0,0,goood
2,2,2,2,2,2,138180,140774,142460,144098,147124,149531,6300,5500,5500,5500,5000,5000,goood
1,-1,-1,-1,-1,-1,2616,57077,5287,68445,13881,16240,57087,5295,68454,13889,16250,38313,bad
-2,-2,-2,-2,-2,-2,0,0,1100,300,-200,-200,0,1100,300,0,0,0,bad
-1,-1,2,0,-1,-1,390,1170,780,390,390,390,1170,0,0,390,390,390,goood
-1,-1,-1,-1,0,0,350,350,400,1695,12645,12584,350,400,1695,11300,485,2400,bad
4,4,4,3,2,0,151117,153787,150320,147989,143355,143131,6500,0,512,0,4388,4221,goood
-1,-1,-1,0,0,0,550,0,13013,14265,13659,0,0,13013,1252,3659,0,0,bad
1,2,2,0,0,0,29010,29256,28122,29836,1630,0,1000,85,1714,104,0,0,goood
1,2,2,2,2,2,92638,90905,95768,97004,99005,101213,600,7300,3700,3700,4000,3800,goood
1,-2,-2,-2,-1,-1,0,0,0,0,1980,2500,0,0,0,1980,2500,0,bad
2,2,2,2,2,0,10159,12689,12183,13979,13621,14809,2710,0,2000,0,2000,2000,goood
0,0,0,0,0,0,163736,116422,99278,95766,97753,95927,4655,2690,2067,2142,2217,1000,goood
1,-2,-2,-2,-2,-2,-2,-2,-2,-2,-2,-2,0,0,0,0,0,0,goood
-1,-1,-1,-1,-1,-1,240,240,240,240,240,240,240,240,240,240,240,240,goood
-1,0,0,0,0,0,386405,387910,293177,274539,253443,253671,25016,20018,10000,79377,52778,10000,bad
2,2,0,0,0,0,467150,458862,469703,447130,440982,434715,0,18000,16000,16000,21000,20000,goood
1,2,0,0,2,0,20235,17132,16856,16875,13454,10104,0,1200,1000,0,1000,10000,goood
1,2,2,2,2,2,77604,73317,71334,67009,63228,59378,1700,4000,1600,1600,1500,4086,goood
0,0,0,0,0,0,50300,50898,49111,48943,45775,0,2200,1600,1700,1700,0,0,bad
-1,0,0,0,0,0,208459,206331,203813,201331,198999,191671,7536,7277,7100,7120,6844,6945,bad
0,0,0,0,0,0,172180,180140,166281,155628,145645,103263,21105,5461,5000,5849,2732,50000,bad
0,0,0,0,-2,-2,8109,9778,8259,0,0,0,2000,1036,0,0,0,0,goood
0,0,0,0,0,0,234205,231669,214642,207642,210375,214694,10116,9150,8008,8000,8009,7714,goood
2,2,-1,-1,-1,-1,1989,-8,866,0,892,0,0,874,0,892,0,594,goood
2,2,2,0,0,0,5766,7511,7678,7318,7458,7598,2000,500,0,500,500,0,goood
1,-2,-2,-2,-2,-2,0,0,0,0,0,0,0,0,0,0,0,0,goood
0,0,0,0,0,0,16496,17522,18531,18744,19291,19818,1597,1606,819,1000,1000,1623,bad
0,0,0,0,0,0,12857,14183,14890,15642,16387,17113,1541,1248,1000,1000,1000,1000,bad
1,2,-1,0,-1,-1,18886,14249,3821,2404,319,0,0,3828,2000,319,0,0,bad
2,2,2,2,2,2,79580,81493,82759,83609,85325,87096,3790,3200,3100,3200,3332,3280,goood
0,0,0,0,0,0,280823,275303,271952,193403,187562,191069,11000,12000,7200,6500,6173,5500,goood
2,2,2,2,2,0,15355,17949,18158,18365,17932,18147,3164,800,800,0,662,3000,goood
0,0,0,0,0,0,11058,11471,11776,12660,12660,12413,2000,1500,2330,2300,1000,2078,bad
0,0,0,0,0,2,14603,15661,16394,16723,18056,17618,1600,1300,600,1600,0,800,bad
1,2,2,2,2,2,234752,233036,229286,217644,223690,221413,10000,8000,0,16000,8000,0,goood
-1,-1,-2,-2,-1,-1,399,0,0,0,218,270,0,0,0,218,270,317,bad
1,-2,-2,-2,-2,-2,0,0,0,0,0,0,0,0,0,0,0,0,goood
0,0,0,0,0,0,69418,68943,38783,3758,1261,0,2382,2025,1000,25,0,1651,goood
-1,-1,-1,-1,-1,2,1261,1261,1261,1411,930,390,1261,1261,1411,930,0,780,bad
0,0,0,0,0,0,12857,14183,14890,15642,16387,17113,1541,1248,1000,1000,1000,1000,bad
2,0,0,0,0,0,96193,82342,81967,82177,78840,79261,3600,3800,3000,3000,3023,3000,goood
0,0,0,-1,0,0,59372,49677,49515,42568,48268,51481,10026,7241,50091,25000,5078,2132,bad
-1,-1,-1,-1,-1,-1,780,0,390,390,390,390,0,390,390,390,390,390,bad
1,-2,-2,-2,-2,-2,0,0,0,0,0,0,0,0,0,0,0,0,goood
0,0,0,0,0,0,16455,16511,18902,18768,18650,19175,1609,3000,663,676,834,782,bad
1,-2,-1,0,-1,-1,0,0,13001,12601,19595,203,0,13001,0,19595,203,0,bad
-1,2,0,0,3,2,18199,17618,18631,21319,20692,21201,0,1312,3000,0,1000,1000,goood
0,0,0,0,0,0,13917,16695,21320,18614,19003,19439,3000,5000,2000,618,679,500,bad
-1,2,2,-1,-1,-2,1215,856,291,803,98,431,0,291,803,98,431,1104,goood
0,0,0,0,0,0,152510,151651,159019,123022,126075,126219,5657,10372,5000,5000,5000,5000,bad
2,2,-2,-2,-2,-2,83538,0,0,0,0,0,0,0,0,0,0,0,goood
2,0,0,2,2,2,41087,42445,45020,44006,46905,46012,2007,3582,0,3601,0,1820,goood
1,-2,-2,-2,-2,-2,0,0,0,0,0,0,0,0,0,0,0,0,goood
0,0,0,0,0,0,37148,35754,34232,32331,30337,28012,2000,2000,2444,1342,1038,2000,bad
-1,-1,-1,-1,-1,-1,390,390,390,390,390,1320,390,390,390,390,1320,0,bad
0,0,0,0,0,3,4999,5913,7315,9195,10624,10138,1000,1500,2000,1583,1100,0,bad
-1,-1,-1,-1,-1,-1,631,2790,1758,416,416,3640,2790,1758,416,416,3640,730,bad
1,-2,-2,-2,-2,-2,0,0,0,0,0,0,0,0,0,0,0,0,goood
-1,-1,-1,-1,-1,2,390,390,390,240,1320,780,390,390,240,1470,0,0,bad
0,0,0,0,0,0,105420,102870,89643,90938,92505,94031,4000,3250,3250,3500,3560,5000,bad
1,2,2,0,0,2,65802,67369,65701,66782,36137,36894,3200,0,3000,3000,1500,0,goood
2,2,2,2,2,0,10159,12689,12183,13979,13621,14809,2710,0,2000,0,2000,2000,goood
0,0,0,0,0,0,44338,43048,35639,18753,19091,19548,3629,3332,2000,2000,2000,2500,bad
0,0,0,0,0,0,93768,91523,91579,91193,92837,95323,3317,3506,4218,5000,6080,938,bad
0,0,2,2,2,2,131367,146193,140202,144035,140419,130271,17000,0,11400,550,5300,5400,goood
-1,2,2,-1,-1,-2,1215,856,291,803,98,431,0,291,803,98,431,1104,goood
-1,-1,-1,-1,0,-1,8015,2453,9624,52572,7333,2210,2453,9880,52572,1546,2210,0,bad
2,0,0,2,0,0,47647,50232,50510,32177,29530,29789,3700,3700,0,1072,1500,1132,goood
0,0,-1,-1,-2,-2,28304,17616,308,0,0,0,4000,308,0,0,0,0,bad
0,0,0,0,0,0,49809,50364,38429,18815,18305,19013,2040,2766,1690,1000,1000,1000,bad
-2,-2,-2,-2,-2,-2,761,300,399,665,576,613,300,399,665,576,613,520,bad
-1,-1,2,-1,-1,-1,8817,23634,21776,9631,1561,1990,23776,0,9631,1561,1990,7967,bad
-1,-1,-1,0,0,0,475,475,5691,37526,50565,48888,475,5691,34000,14000,8000,15000,bad
0,0,0,0,0,0,163935,153152,147032,122196,103692,70204,7722,6091,3563,3605,3000,3211,bad
1,-2,-2,-2,-2,-2,0,0,0,0,0,0,0,0,0,0,0,0,goood
0,0,0,0,-2,-1,25239,25001,20800,0,0,65755,1713,1000,0,0,65755,3000,bad
-1,-1,2,-1,-1,-1,8817,23634,21776,9631,1561,1990,23776,0,9631,1561,1990,7967,bad
0,0,0,0,0,0,97797,99672,101953,102284,104090,105859,4520,5050,3590,3700,3750,3510,bad
-2,-2,-2,-2,-1,-1,1440,0,7422,893,6082,2293,0,7422,893,6082,2293,3299,bad
-1,-1,-2,-2,-2,-1,30265,-131,-527,-923,-1488,-1884,131,396,396,565,792,0,bad
2,2,2,2,2,2,145613,156765,159386,161870,165725,169928,15000,6600,6500,6500,7000,7000,goood
2,0,0,0,0,0,159398,156955,132144,119136,122211,125021,6163,4530,4500,5000,5000,5000,goood
-1,-1,-1,-1,-1,-1,3088,1586,343,3763,877,0,1586,343,3763,877,0,419,goood
0,0,0,0,0,0,110151,99530,98951,100914,103146,104993,3568,3585,3602,3848,3669,3784,bad
-1,-1,-1,-1,-1,-1,5150,10190,10190,10190,10594,11193,10190,10190,10190,10594,11193,10190,bad
-2,-1,-1,0,-1,-1,3128,5156,1089,489,3177,1009,5156,1089,0,3177,1009,0,goood
-2,-2,-2,-2,-2,-2,2082,3557,5623,5400,3866,3526,3597,5672,5427,3885,3543,3519,goood
1,-2,-1,-1,-2,-1,-14386,-13543,3432,-3684,0,1386,10118,47015,0,4000,100000,10000,bad
0,0,0,2,0,0,96304,98007,82227,65000,60848,58880,4505,12906,0,2210,2300,5200,bad
-1,-1,-1,-1,-1,-1,390,390,390,390,390,1320,390,390,390,390,1320,0,bad
2,0,0,0,0,0,30518,29618,22102,22734,23217,23680,1718,1500,1000,1000,1000,716,goood
1,2,2,2,2,2,36166,37188,37680,38462,39228,40035,1900,1400,1700,1532,1600,0,goood
0,0,2,0,0,0,11285,14096,12108,12211,11793,3719,3329,0,432,1000,1000,1000,goood
0,0,0,0,0,0,175886,173440,172308,168608,132202,129918,8083,7296,5253,4814,4816,3800,bad
-1,-1,-1,-1,-1,-2,880,1602,840,840,0,0,1602,840,840,0,0,7736,bad
2,0,0,2,2,2,41087,42445,45020,44006,46905,46012,2007,3582,0,3601,0,1820,goood
0,0,0,0,0,0,168286,155893,119575,51317,51926,34608,10000,3900,1000,1000,2000,2000,bad
1,-1,-1,-2,-2,-2,0,780,0,0,0,0,780,0,0,0,0,0,goood
0,0,0,0,0,0,11026,9535,10510,10472,10140,10101,1174,1149,501,356,507,458,goood
0,0,0,0,0,0,3347,3899,4503,5347,6375,7077,1000,1066,1300,1500,1200,134,goood
0,0,2,2,2,0,4657,6068,6418,6781,6144,7638,1500,1000,1000,0,2000,2000,goood
0,0,0,-1,-1,-1,16386,15793,8441,7142,-679,8321,8500,1500,7500,679,9000,2000,bad
0,0,0,-1,0,0,27966,28539,11597,6611,7349,7570,1267,1553,7511,1000,343,1000,bad
0,0,0,2,0,0,66759,68200,72972,71248,50610,50809,2518,5950,0,1782,1985,2700,bad
0,0,0,0,0,0,67374,69489,70937,71761,73505,74827,3200,3200,2600,2900,2700,3000,bad
-1,-1,-1,-1,-1,-1,508,672,226,390,220,320,1000,390,1000,220,640,1000,bad
1,2,2,0,0,0,29010,29256,28122,29836,1630,0,1000,85,1714,104,0,0,goood
0,0,0,0,0,0,304867,299998,300426,292869,292885,281826,13007,10612,10041,11000,10512,7000,goood
-1,-1,-1,-2,-2,-2,38000,25000,0,0,0,0,25000,0,0,0,0,0,bad
0,0,0,0,0,0,5591,6619,10574,7733,6794,5487,1126,4081,240,504,169,62,goood
0,0,0,0,0,0,190258,181207,120318,129281,113437,164377,40012,10020,40069,25005,100000,51305,bad
2,2,2,2,2,2,131864,133897,129761,138604,136283,145012,5600,0,11000,0,11000,5656,goood
0,0,-2,-2,-2,-2,154970,0,0,0,0,0,0,0,0,0,0,0,bad
-1,-1,-1,-1,-1,-1,390,1473,390,390,390,0,1473,390,390,390,0,2380,goood
1,-2,-2,-2,-2,-2,0,0,0,0,0,0,0,0,0,0,0,0,goood
-1,-1,-1,0,0,0,780,0,732,642,1252,643,0,732,300,1000,500,1000,goood
0,0,0,2,0,0,10934,13738,16567,10411,13057,14340,3000,3100,0,3000,1500,0,bad
0,0,2,0,0,0,141223,156858,151841,152803,155997,160220,17994,0,5469,5656,6811,3920,bad
0,0,0,0,0,0,49941,51213,12104,12898,13687,14458,2400,1206,1000,1000,1000,1000,bad
0,0,0,0,0,0,16906,17645,18478,10279,10646,10776,1314,1147,348,512,435,190,bad
1,-2,-2,-2,-1,-1,0,0,0,0,166,541,0,0,0,166,543,4268,bad
-1,2,2,-1,2,-1,650,650,325,950,475,325,325,0,950,0,325,325,goood
0,0,0,0,0,0,5630,6629,5918,6918,6941,4756,1107,1000,1000,1500,2150,0,bad
0,0,2,2,2,0,4657,6068,6418,6781,6144,7638,1500,1000,1000,0,2000,2000,goood
0,0,0,0,0,0,11058,11471,11776,12660,12660,12413,2000,1500,2330,2300,1000,2078,bad
0,0,0,0,0,0,81625,81554,79599,49552,49509,49568,3200,3000,2038,2000,1800,1800,bad
0,0,0,0,0,0,89055,90780,70947,72367,73875,75355,4200,2575,2600,2674,2701,5750,bad
0,0,0,0,0,0,5197,6015,6615,7131,6987,6980,1300,1100,1000,500,500,1000,bad
0,0,0,0,0,0,20571,19089,19658,19453,19108,18868,1323,1600,830,700,674,376,bad
-1,-1,2,-1,-1,-1,8817,23634,21776,9631,1561,1990,23776,0,9631,1561,1990,7967,bad
-2,-2,-2,-2,-1,-1,0,0,0,0,13007,13912,0,0,0,13007,1122,0,bad
0,0,2,0,0,0,11968,14564,27820,15824,15761,12510,2800,0,4000,1700,1000,2000,goood
0,0,0,0,0,0,50715,51073,28185,28842,30399,29977,2500,1500,1100,2000,1500,1017,goood
1,-2,-1,-1,-1,-1,-109,-425,259,-57,127,-189,0,1000,0,500,0,1000,goood
0,0,0,0,0,0,48036,46787,42011,19147,2845,20041,2100,1227,383,2000,20000,649,goood
2,2,5,5,4,3,1200,1200,1200,1200,600,300,0,0,0,0,0,0,goood
-1,-1,-1,-1,0,-1,4785,3403,0,5882,5882,1013,3523,0,5882,0,1013,0,bad
-1,-1,-2,-1,-1,-2,197,0,0,233,0,0,0,0,233,0,0,0,bad
1,-1,-1,-2,-1,-1,-9,1520,1488,0,3965,8676,1529,1507,0,3965,8676,384,bad
-1,0,0,0,0,0,208459,206331,203813,201331,198999,191671,7536,7277,7100,7120,6844,6945,bad
0,0,2,0,0,2,55664,59529,57571,57871,60872,59329,5800,0,2250,4500,0,2500,bad
1,2,2,2,2,2,66055,67405,68405,69387,70727,72215,3000,2700,2700,2600,2800,0,goood
0,0,0,0,0,0,51372,51872,47593,43882,42256,42527,1853,1700,1522,1548,1488,1500,bad
0,0,0,0,0,0,91653,94037,108597,65913,43805,33263,10042,18832,2117,2076,5045,3754,bad
0,0,0,0,0,0,20526,15129,15093,9577,11139,12487,2000,3000,327,3000,3000,5000,goood
0,0,0,0,0,0,28387,29612,30326,28004,26446,6411,1686,1400,560,3000,1765,0,goood
-1,-1,-1,0,0,0,780,0,732,642,1252,643,0,732,300,1000,500,1000,goood
1,2,2,0,0,0,6174,7543,7255,3887,5887,0,2000,28,0,2000,0,0,goood
0,0,0,0,0,0,101551,105246,104781,105334,107699,106828,5366,5087,3605,3894,3785,3304,goood
1,-1,2,-1,-1,-1,-179,505,189,6773,23209,16893,1000,0,6900,24000,17000,2500,goood
2,0,0,0,0,0,30518,29618,22102,22734,23217,23680,1718,1500,1000,1000,1000,716,goood
-1,-1,-2,-1,2,-1,14072,0,0,300,150,150,0,0,300,0,150,200,bad
2,2,2,3,2,2,46004,45976,48953,48851,49318,51143,1000,4035,1000,1400,2800,0,goood
0,0,0,0,0,0,110163,112499,114837,116400,45643,51083,5600,5700,5000,1855,6400,0,bad
-2,-2,-2,-2,-2,-2,0,0,0,116,0,1500,0,0,116,0,1500,0,bad
0,0,0,2,2,6,20035,21406,24735,24050,43317,44059,2000,4000,0,20000,2000,0,bad
0,0,0,0,0,0,51044,50231,46677,44982,21399,20859,2500,3008,1000,761,800,704,bad
0,0,0,0,0,0,19269,20313,20852,17560,17918,9100,1661,1200,351,358,182,0,goood
1,-1,0,0,0,0,-58,32991,36465,44310,62408,61420,33049,16000,8700,18775,15000,5350,bad
1,2,0,0,0,2,43343,43360,23417,21969,21179,18711,1300,1400,920,1700,0,900,goood
0,0,0,0,0,0,20137,20179,18067,18666,19115,19547,1300,1301,900,900,900,1600,bad
1,-2,-1,0,-1,-1,0,0,13001,12601,19595,203,0,13001,0,19595,203,0,bad
1,2,0,0,2,0,20235,17132,16856,16875,13454,10104,0,1200,1000,0,1000,10000,goood
0,0,0,0,0,0,34962,32275,31253,32014,33573,29645,1613,2000,1500,2000,1645,1064,bad
0,0,0,0,0,0,367965,412023,445007,542653,483003,473944,55000,40000,38000,20239,13750,13770,bad
0,0,0,0,0,0,80833,79100,70764,71629,70805,70718,3315,3088,2572,2559,2526,2620,bad
2,2,0,0,0,2,8583,8303,9651,10488,12314,11970,0,1651,1000,2000,0,1500,bad
0,0,0,0,0,0,26650,20787,20566,21158,22141,22158,1532,2000,783,3000,2000,2000,bad
0,0,2,0,0,0,13244,14722,15181,15928,16671,17393,2000,1000,1000,1000,1000,1000,bad
0,0,0,0,0,0,192586,197967,201666,205798,196698,190306,10000,7143,7306,6303,6429,6000,bad
1,-1,-1,-1,-1,-2,208,2906,1000,630,0,0,2906,1000,630,0,0,0,bad
0,0,0,0,0,0,55734,52557,33415,28776,17580,6441,1631,1286,200,645,909,200,bad
2,-1,-1,-1,-1,-1,171,2715,-13,2641,-10,22535,2728,0,2654,0,22545,0,goood
-1,2,-1,-1,2,2,546,255,464,1173,732,1023,0,500,1000,0,582,0,goood
0,0,0,-1,-1,0,20807,99860,100000,3015,23473,1448,80000,3000,3015,23473,1148,4900,bad
-1,-1,-1,-1,-1,-1,390,390,390,390,390,1320,390,390,390,390,1320,0,bad
-1,-1,-1,-1,-1,-1,7988,3977,6848,1719,1378,19942,3983,6853,1719,1378,19942,2418,bad
2,2,2,0,0,0,2097,4193,3978,4062,4196,4326,2300,0,150,200,200,160,goood
0,0,0,0,0,0,48909,47863,21489,20414,19342,19482,1676,1302,700,699,849,826,bad
0,0,-2,-2,-2,-2,62170,0,0,0,0,0,0,0,0,0,0,0,bad
-1,-1,-1,-1,-1,-1,10483,23956,0,8500,4590,0,23962,0,8500,4590,0,0,bad
-2,-2,-2,-2,-2,-2,7184,14845,1097,0,0,160,17507,1102,0,0,160,1103,bad
-2,-2,-2,-2,-2,-2,5512,19420,1473,560,0,0,19428,1473,560,0,0,1128,goood
0,-1,0,-1,-1,-1,79837,27456,68117,39105,54456,46153,27465,50154,39105,54456,46153,40000,bad
-2,-2,-2,-2,-2,-2,672,10212,850,415,100,1430,10212,850,415,100,1430,0,bad
1,-1,-1,-2,-1,-1,1018,6377,-2,935,4985,1212,6433,2,937,4990,1215,9546,bad
0,0,0,0,0,0,56422,110616,110340,122967,108834,70064,70010,30357,30000,20000,52183,20000,bad
2,2,2,2,2,3,135673,138532,134813,144401,152174,149415,6500,0,14254,14850,0,5000,goood
1,2,2,2,2,2,71034,69329,74175,72383,77217,75820,0,6000,0,6000,0,6000,goood
1,2,2,2,2,2,22746,22099,24121,23437,25101,24549,0,2700,0,2200,0,1030,goood
0,0,0,0,0,0,49609,61162,31485,15281,18031,18233,2100,2000,4000,3000,1500,1000,bad
1,-2,-2,-2,-2,-2,-946,-946,-946,-946,-946,-946,0,0,0,0,0,0,goood
0,0,0,-2,-2,-2,18751,5706,0,0,0,0,1000,0,0,0,0,0,bad
0,0,0,0,0,0,64400,57069,57608,19394,19619,20024,2500,1815,657,1000,1000,800,bad
0,0,0,0,0,0,26324,27471,28108,21993,19899,19771,1576,1213,648,768,1140,0,goood
0,0,2,2,2,0,4073,6394,6143,6908,6652,6785,2400,0,871,0,244,251,goood
0,0,0,0,0,0,366193,372700,375948,195991,152127,155182,14020,13595,6243,6007,6061,6012,goood
0,0,0,0,2,0,87764,73526,72376,76870,75211,76645,2630,2614,6000,0,3000,2800,goood
-1,-1,-1,-1,-1,-1,316,316,316,0,632,316,316,316,0,632,316,0,goood
2,2,0,0,0,0,36650,29541,26190,26710,27274,29551,0,1435,955,993,2734,0,bad
1,2,0,0,0,0,13668,12647,13135,10596,9218,5068,0,1064,423,313,1000,4641,goood
0,0,2,0,0,0,11968,14564,27820,15824,15761,12510,2800,0,4000,1700,1000,2000,goood
0,0,0,0,0,0,101640,104795,104855,74737,76058,77254,5500,3900,3000,2900,3000,2800,bad
0,0,0,0,-1,-1,49549,133957,128212,79407,8875,49880,90000,3000,5000,8875,49880,519,bad
1,-2,-2,-1,-1,-2,-200,-200,0,42000,0,0,0,200,42000,0,0,0,bad
2,3,2,2,0,0,28778,28039,28286,27533,28189,28805,0,1000,0,1100,1100,1500,goood
0,0,0,0,0,0,77024,73281,57806,37642,46235,47110,3212,1600,956,40000,1800,1700,goood
0,0,0,0,0,0,219099,217058,187841,186140,191678,191816,8131,8123,6700,10000,7700,6000,bad
-1,-1,-1,-1,-1,-1,1598,2487,0,4810,2796,3245,2487,0,4810,2796,3245,7305,goood
1,-2,-1,-1,-1,-1,0,0,2809,4595,792,3404,0,2809,4606,792,3404,0,bad
2,0,0,0,0,0,14029,15493,16630,17055,17629,18186,2000,1700,1000,1000,1000,1000,goood
-1,2,-1,-1,2,2,546,255,464,1173,732,1023,0,500,1000,0,582,0,goood
-1,-1,-1,0,0,-1,1210,820,64644,125984,106584,125557,390,75720,62520,17000,132200,167000,goood
-1,-1,-1,0,-1,-1,1338,-24,8324,5872,23020,2367,0,8348,0,23020,2367,3117,goood
0,0,0,0,2,-1,43610,43280,36156,30305,30155,561,1655,1797,750,0,561,500,bad
0,0,0,0,0,0,83255,83912,85161,85715,86773,87526,4000,3924,3200,3300,3425,3013,bad
-1,-1,-1,-1,-1,0,4290,4738,2803,6027,10722,8452,4738,2803,6027,10722,6000,1139,bad
0,0,0,0,0,0,246135,231443,234557,200643,194410,198857,12026,9010,7400,8000,8000,7000,goood
0,0,0,0,0,0,134203,127319,107496,69218,70702,72267,5000,3500,2700,2600,2742,2700,goood
-1,-1,-1,-1,-2,-2,1424,4542,126,0,0,0,4542,126,0,0,0,0,bad
1,-2,-2,-2,-2,-2,-709,-709,-709,-2898,-3272,-3272,0,0,0,0,0,0,goood
2,2,2,2,2,2,186149,181779,192189,195517,199250,195874,0,15000,8000,7000,0,15000,goood
0,0,0,0,0,0,17447,18479,19476,19865,20480,20063,1318,1315,704,928,912,1069,bad
2,0,0,-1,0,-1,47858,49223,42589,639,4639,2312,2500,3000,7000,4000,2413,2000,goood
-1,-1,-1,0,0,0,780,0,732,642,1252,643,0,732,300,1000,500,1000,goood
0,0,0,0,0,0,400134,398857,404205,360199,356656,364089,17000,15029,30000,12000,12000,23000,bad
-2,-2,-2,-2,-2,-2,29484,28592,16869,12713,10420,12532,10000,3000,12713,10420,12532,12151,bad
-1,-1,-2,-2,-2,-2,158,0,0,0,0,612,0,0,0,0,612,1863,bad
2,0,0,3,3,2,53849,55030,61574,62470,61198,62524,2050,7500,2500,0,2500,2500,goood
-2,-1,-1,0,-1,-1,3128,5156,1089,489,3177,1009,5156,1089,0,3177,1009,0,goood
0,0,0,0,0,0,53494,52656,52600,52336,55831,56265,4173,3000,2025,5000,3000,3000,bad
0,0,0,0,-1,0,152478,62084,54551,14363,97440,90717,3001,4005,2021,97441,5001,5001,goood
2,2,2,2,2,2,186149,181779,192189,195517,199250,195874,0,15000,8000,7000,0,15000,goood
2,0,0,0,0,0,49758,48456,44116,21247,20066,18858,2401,2254,2004,704,707,1004,goood
0,0,0,0,0,0,8481,13066,17638,22204,26784,31352,4980,5124,5256,5416,5552,5742,bad
0,0,0,0,-1,-1,94453,95860,67782,-2618,95748,101299,3320,5000,0,100000,7186,0,bad
-1,-1,-1,0,-1,-1,396,1648,792,396,396,396,1648,792,0,396,396,792,goood
0,0,0,0,0,0,291619,297268,205629,215827,208464,212508,12019,9006,17000,12000,9557,15000,bad
0,0,0,0,0,0,19161,20544,22704,22304,22304,0,2000,3000,0,0,0,0,goood
0,0,0,0,0,0,9935,11029,12795,9983,10884,7666,1234,2000,297,1000,307,361,bad
0,0,2,-1,0,0,14028,16484,15800,16341,16675,0,3000,0,16741,334,0,0,goood
0,0,0,0,0,0,146433,107604,89902,90983,82255,83988,4500,4400,3000,2400,2500,2500,bad
0,0,0,0,0,0,12857,14183,14890,15642,16387,17113,1541,1248,1000,1000,1000,1000,bad
0,0,2,2,2,0,40732,44563,42804,44020,41278,34672,5000,0,3000,0,3000,3000,bad
-1,2,2,2,0,0,52439,51040,56205,54723,58657,59983,0,6000,0,5000,2286,3000,goood
-1,0,0,-1,0,-1,6206,6723,7545,362,181,488,1120,1024,362,0,488,300,goood
1,2,2,2,2,2,115049,117856,119570,116284,123528,125478,6000,5000,0,9000,4000,5000,goood
2,3,2,2,0,0,28778,28039,28286,27533,28189,28805,0,1000,0,1100,1100,1500,goood
-2,-2,-2,-2,-2,-2,50,6527,2168,-7,1373,-1,8589,2500,0,1380,0,2050,bad
0,0,0,0,0,0,194314,179206,193992,174675,171253,169121,9010,35000,5000,6000,5000,4400,bad
0,0,0,0,0,0,44698,42254,38347,32496,23477,24094,1767,1362,1002,840,995,904,goood
1,-2,-2,-2,-2,-2,0,0,0,0,0,0,0,0,0,0,0,0,goood
0,0,0,0,0,0,49507,33282,34312,17277,17808,19346,1970,2000,618,809,2000,616,goood
0,0,0,0,-1,0,152478,62084,54551,14363,97440,90717,3001,4005,2021,97441,5001,5001,goood
2,0,0,0,2,2,129801,131383,134379,142323,140120,150052,5000,5000,10000,0,12118,2769,goood
1,-2,-2,-2,-2,-2,0,0,0,0,0,0,0,0,0,0,0,0,goood
0,0,0,0,0,0,97538,49187,17518,17710,18079,18302,2454,1588,780,803,673,637,bad
2,0,0,-1,0,-1,47858,49223,42589,639,4639,2312,2500,3000,7000,4000,2413,2000,goood
1,-1,0,0,0,0,0,5396,10270,13576,13864,14636,5396,5000,3500,501,1000,2000,bad
1,-1,-1,-2,-2,-2,0,5215,0,0,0,0,5215,0,0,0,0,0,bad
2,2,2,0,0,0,1894,3200,3381,3559,1948,2415,1500,400,200,500,500,400,goood
0,0,0,0,-2,-2,8109,9778,8259,0,0,0,2000,1036,0,0,0,0,goood
2,2,2,0,0,0,1894,3200,3381,3559,1948,2415,1500,400,200,500,500,400,goood
1,2,2,-2,-2,-2,8201,7882,-2,-2,-2,-2,39,0,0,0,0,0,goood
-1,-1,-1,-1,-1,-1,2946,0,390,390,390,390,0,390,390,390,390,780,bad
1,-2,-2,-2,-2,-2,31421,22150,0,0,0,0,22157,0,0,0,0,0,bad
-1,-1,-1,0,-1,-1,1548,-32,177639,174397,4852,4125,0,177671,3508,4876,4188,10007,bad
2,0,-1,-1,-1,-1,9636,10152,1817,-828,6153,12663,1222,1837,0,7863,12675,2959,goood
1,-2,-2,-2,-2,-2,-65,-65,-65,-65,-65,-200,0,0,0,0,0,0,goood
-1,-1,2,-1,-1,-1,8817,23634,21776,9631,1561,1990,23776,0,9631,1561,1990,7967,bad
-1,-1,-1,0,0,0,1370,4192,4159,3542,1980,3980,4210,4159,1000,1080,2000,1525,bad
0,0,0,0,0,0,11894,12287,12407,14360,14657,4129,1284,1047,2000,359,175,1000,bad
1,-2,-2,-1,-1,-2,-200,-200,0,42000,0,0,0,200,42000,0,0,0,bad
0,0,0,0,0,0,61559,51163,43824,39619,35762,33258,2000,1606,1500,2000,1500,1000,bad
-1,-1,-1,-1,-1,-1,7071,401,3545,10540,10132,6220,1510,3575,10573,10155,6240,16071,bad
1,2,0,0,0,0,13668,12647,13135,10596,9218,5068,0,1064,423,313,1000,4641,goood
1,3,2,0,0,0,52626,51537,49205,30394,30249,29957,0,24,1500,1000,1201,30592,goood
2,2,2,2,2,0,10159,12689,12183,13979,13621,14809,2710,0,2000,0,2000,2000,goood
1,-2,-2,-2,-2,-2,0,0,0,0,0,0,0,0,0,0,0,0,goood
2,2,2,0,0,0,104978,105924,102663,97090,98045,105253,4500,0,3500,3500,9000,0,goood
-1,-1,-1,0,0,-1,46122,1260,29366,5400,0,1599,1260,29366,54,0,1599,0,bad
-1,-1,-2,-2,-2,-2,491,0,0,0,0,0,0,0,0,0,0,0,goood
-1,2,-1,-1,0,-1,427,298,1179,1714,2875,1047,0,1179,1714,1290,1047,1000,bad
0,0,0,-2,-1,-1,26361,18826,1100,2100,767,6173,1710,1100,1000,767,6173,1000,goood
-1,-1,-1,-1,0,-1,1199,15586,344,2340,6702,339,15586,344,2340,4702,339,330,bad
-2,-2,-2,-2,-2,-2,0,0,0,0,0,0,0,0,0,0,0,0,bad
-1,2,-1,-1,-1,0,600,300,501,300,600,450,0,501,300,600,300,600,bad
0,0,0,0,0,0,59504,61544,62925,64280,67079,69802,3000,3000,3000,4000,4000,3000,bad
0,0,0,0,0,0,89003,91362,72197,49654,28065,27500,4100,3095,1630,561,600,0,goood
2,2,2,2,2,2,50485,51582,52141,52691,54199,53176,2200,2000,2000,2500,0,4500,goood
0,0,0,0,0,0,83755,77431,79044,80631,82333,84462,3000,2900,2900,3000,3500,4000,bad
1,-2,-2,-2,-2,-1,0,0,0,0,0,150,0,0,0,0,300,102,goood
-1,-1,-1,-1,-1,-1,6160,3274,6190,307,2870,670,3276,6246,307,2870,670,1362,bad
-1,-1,-1,-1,-1,-1,898,898,325,898,325,-339603,898,325,898,325,0,345293,goood
2,0,0,0,0,0,159398,156955,132144,119136,122211,125021,6163,4530,4500,5000,5000,5000,goood
2,2,2,2,0,0,9551,12081,13087,12583,15327,16414,3000,1500,0,3123,1500,1000,goood
0,0,0,0,0,0,8574,9434,10038,10040,10400,10490,1203,1047,248,408,294,276,goood
0,0,0,0,0,0,22109,25011,29230,32747,38217,43744,6000,5000,4000,6000,8000,4000,bad
2,0,0,0,0,0,70896,71678,70125,69856,69718,51365,3472,2092,2000,2127,1960,1559,goood
2,2,2,2,2,2,24987,24300,26591,25865,27667,28264,0,2700,0,2225,1200,0,goood
0,0,0,0,0,-2,19816,20396,20102,19575,0,0,1601,2203,2114,0,0,0,bad
-2,-2,-2,-2,-2,-2,390,0,0,0,0,0,0,0,0,0,0,0,bad
0,0,0,0,0,0,48036,46787,42011,19147,2845,20041,2100,1227,383,2000,20000,649,goood
0,0,0,0,0,0,2694,38433,38870,28574,27268,28021,35888,1325,891,1000,1098,426,bad
1,2,2,2,3,2,92610,94755,92351,101140,99260,101577,4500,0,11300,0,4100,0,goood
0,0,0,0,0,0,22848,23638,18878,14937,13827,15571,1516,1300,1000,1000,2000,2000,bad
-1,-1,-1,-1,-1,-1,1261,1261,1261,1261,1261,1261,1261,1261,1261,1261,1261,1261,bad
0,0,0,-2,-2,-2,17208,18419,0,0,0,0,2055,0,0,0,0,0,bad
-2,-2,-2,-2,-2,-2,2411,3059,2333,1800,1620,0,3068,2440,1807,2204,0,0,bad
2,0,0,0,0,0,279610,282024,282508,284660,255892,238266,13000,10200,10265,8803,8300,8546,goood
0,0,0,0,0,0,51737,27121,28103,28814,29261,29878,2930,1447,1158,1041,1082,994,goood
0,0,0,0,0,0,338106,342904,344464,240865,234939,240176,15000,14000,9000,8500,9000,8300,goood
0,-1,-1,0,0,0,20944,4696,47225,16483,9343,9693,2360,49325,3001,1882,500,503,bad
-1,2,2,-1,-1,-2,1215,856,291,803,98,431,0,291,803,98,431,1104,goood
-2,-2,-2,-2,-2,-2,10929,4152,22722,7521,71439,8981,4152,22827,7521,71439,981,51582,bad
-2,-2,-2,-2,-2,-2,0,0,0,0,0,0,0,0,0,0,0,0,bad
-2,-2,-2,-1,-1,0,134736,135593,120909,102524,40157,40805,6067,10000,3000,40157,1466,2000,bad
2,3,2,2,0,0,28778,28039,28286,27533,28189,28805,0,1000,0,1100,1100,1500,goood
-1,-1,-1,-1,-1,-1,19660,9666,11867,7839,14837,7959,9677,11867,7839,14837,7959,5712,bad
1,-2,-1,0,-1,-1,0,0,2066,2000,216,216,0,2066,0,216,216,66,goood
0,0,0,0,0,0,47081,49316,50409,45545,39963,41145,3000,2000,2000,2000,2000,2000,goood
1,-2,-1,-1,-1,-1,0,0,945,0,197,2995,0,945,0,197,2995,0,bad
0,0,0,0,0,0,3347,3899,4503,5347,6375,7077,1000,1066,1300,1500,1200,134,goood
-1,0,-1,-1,-1,-1,13424,18000,13001,5818,13506,487,10000,13001,5841,13506,487,7004,bad
0,0,0,0,0,0,3347,3899,4503,5347,6375,7077,1000,1066,1300,1500,1200,134,goood
2,-1,-1,-1,-1,-1,171,2715,-13,2641,-10,22535,2728,0,2654,0,22545,0,goood
0,0,0,0,-1,0,152478,62084,54551,14363,97440,90717,3001,4005,2021,97441,5001,5001,goood
-1,-1,-1,-1,-1,-1,316,316,316,0,632,316,316,316,0,632,316,0,goood
1,2,2,0,0,0,6174,7543,7255,3887,5887,0,2000,28,0,2000,0,0,goood
-2,-1,-1,0,-1,-1,3128,5156,1089,489,3177,1009,5156,1089,0,3177,1009,0,goood
2,0,0,2,2,2,7851,9065,11595,11112,12923,12566,1500,3000,0,2000,0,1000,goood
0,0,2,0,0,0,213738,228963,223810,158542,162244,108143,20300,0,5600,6300,4000,4000,bad
-1,0,0,-1,0,-1,6206,6723,7545,362,181,488,1120,1024,362,0,488,300,goood
0,0,-1,0,0,0,94265,53376,85787,78762,79529,80335,2385,88678,2169,2634,3132,732,bad
0,0,0,0,0,0,47166,49396,50476,23319,23171,24774,3000,2237,975,1000,2000,1039,bad
0,0,0,0,0,0,44698,42254,38347,32496,23477,24094,1767,1362,1002,840,995,904,goood
0,0,0,0,0,0,50715,51073,28185,28842,30399,29977,2500,1500,1100,2000,1500,1017,goood
8,7,6,5,4,3,34423,33952,33165,32391,31332,30558,0,0,0,0,0,0,goood
-1,-1,-1,0,-1,-1,780,0,780,390,390,500,0,780,0,390,500,18300,goood
-1,-1,-1,-1,-1,-1,396,396,396,0,792,1220,396,396,0,793,1220,0,bad
1,-2,-2,-2,-2,-2,-288,-288,-288,-288,-288,2124,0,0,0,0,2412,0,bad
0,0,0,0,0,0,77766,77954,78512,60452,61556,54022,4000,2374,2007,2500,3000,2000,bad
-2,-2,-2,-1,2,2,152519,148751,144076,8174,8198,7918,0,0,8222,300,0,1000,bad
2,2,2,0,0,0,104978,105924,102663,97090,98045,105253,4500,0,3500,3500,9000,0,goood
0,0,0,0,0,0,34549,18552,19334,18165,19322,19575,2836,1200,13000,1500,9000,1000,bad
-1,-1,-1,-1,-1,0,3967,8322,3394,6451,26370,9956,8339,3394,12902,27000,0,68978,bad
0,0,0,0,0,2,24401,22771,19461,16181,14669,14422,1454,1384,407,673,0,102,bad
2,-1,-1,-1,-1,-1,171,2715,-13,2641,-10,22535,2728,0,2654,0,22545,0,goood
1,2,-1,-1,-2,-2,1278,639,621,-18,-18,-18,0,621,0,0,0,0,goood
0,0,0,2,0,0,18927,21295,25921,25209,26636,29197,3000,5000,0,2000,3000,0,bad
0,0,0,0,0,-2,279846,169426,68810,12800,0,0,7004,1793,2757,0,0,0,goood
1,-2,-2,-2,-2,-2,0,0,0,0,0,0,0,0,0,0,0,0,goood
0,0,0,0,0,0,177554,180633,172914,130139,115494,117465,7600,6303,4137,3502,4027,3517,bad
4,3,2,0,0,0,20610,20005,19331,19333,17363,16314,0,0,500,715,326,0,goood
0,0,0,0,0,0,111496,112133,69529,70804,70781,66735,6022,3021,5012,5112,3000,5000,goood
0,0,0,0,0,-1,17973,19367,19559,18240,17928,150,1699,1460,626,1750,150,0,goood
0,0,0,0,0,0,29242,29507,29155,25255,22001,0,5006,1244,851,955,0,0,bad
